<?xml version="1.0" encoding="UTF-8"?>
<frame version="1.2.0">
  <cameras>
    <camera camera_id="0">
      <photo path="C:/Users/varad/OneDrive/Downloads/images/images/AS17-137-20903HR.png">
        <meta>
          <property name="File/ImageHeight" value="2364"/>
          <property name="File/ImageWidth" value="2340"/>
          <property name="System/FileModifyDate" value="2025:05:10 16:56:42"/>
          <property name="System/FileSize" value="9667592"/>
        </meta>
      </photo>
    </camera>
    <camera camera_id="1">
      <photo path="C:/Users/varad/OneDrive/Downloads/images/images/AS17-137-20904HR.png">
        <meta>
          <property name="File/ImageHeight" value="2364"/>
          <property name="File/ImageWidth" value="2340"/>
          <property name="System/FileModifyDate" value="2025:05:10 16:56:42"/>
          <property name="System/FileSize" value="9550135"/>
        </meta>
      </photo>
    </camera>
    <camera camera_id="2">
      <photo path="C:/Users/varad/OneDrive/Downloads/images/images/AS17-137-20905HR.png">
        <meta>
          <property name="File/ImageHeight" value="2364"/>
          <property name="File/ImageWidth" value="2340"/>
          <property name="System/FileModifyDate" value="2025:05:10 16:56:43"/>
          <property name="System/FileSize" value="8531077"/>
        </meta>
      </photo>
    </camera>
    <camera camera_id="3">
      <photo path="C:/Users/varad/OneDrive/Downloads/images/images/AS17-137-20906HR.png">
        <meta>
          <property name="File/ImageHeight" value="2364"/>
          <property name="File/ImageWidth" value="2340"/>
          <property name="System/FileModifyDate" value="2025:05:10 16:56:43"/>
          <property name="System/FileSize" value="8666552"/>
        </meta>
      </photo>
    </camera>
    <camera camera_id="4">
      <photo path="C:/Users/varad/OneDrive/Downloads/images/images/AS17-137-20907HR.png">
        <meta>
          <property name="File/ImageHeight" value="2364"/>
          <property name="File/ImageWidth" value="2340"/>
          <property name="System/FileModifyDate" value="2025:05:10 16:56:43"/>
          <property name="System/FileSize" value="4809564"/>
        </meta>
      </photo>
    </camera>
    <camera camera_id="5">
      <photo path="C:/Users/varad/OneDrive/Downloads/images/images/AS17-137-20908HR.png">
        <meta>
          <property name="File/ImageHeight" value="2364"/>
          <property name="File/ImageWidth" value="2340"/>
          <property name="System/FileModifyDate" value="2025:05:10 16:56:43"/>
          <property name="System/FileSize" value="5842660"/>
        </meta>
      </photo>
    </camera>
    <camera camera_id="6">
      <photo path="C:/Users/varad/OneDrive/Downloads/images/images/AS17-137-20909HR.png">
        <meta>
          <property name="File/ImageHeight" value="2364"/>
          <property name="File/ImageWidth" value="2340"/>
          <property name="System/FileModifyDate" value="2025:05:10 16:56:43"/>
          <property name="System/FileSize" value="5467354"/>
        </meta>
      </photo>
    </camera>
    <camera camera_id="7">
      <photo path="C:/Users/varad/OneDrive/Downloads/images/images/AS17-138-21030HR.png">
        <meta>
          <property name="File/ImageHeight" value="2345"/>
          <property name="File/ImageWidth" value="2340"/>
          <property name="System/FileModifyDate" value="2025:05:10 16:56:43"/>
          <property name="System/FileSize" value="3379768"/>
        </meta>
      </photo>
    </camera>
    <camera camera_id="8">
      <photo path="C:/Users/varad/OneDrive/Downloads/images/images/AS17-138-21031HR.png">
        <meta>
          <property name="File/ImageHeight" value="2345"/>
          <property name="File/ImageWidth" value="2340"/>
          <property name="System/FileModifyDate" value="2025:05:10 16:56:43"/>
          <property name="System/FileSize" value="3828004"/>
        </meta>
      </photo>
    </camera>
    <camera camera_id="9">
      <photo path="C:/Users/varad/OneDrive/Downloads/images/images/AS17-138-21032HR.png">
        <meta>
          <property name="File/ImageHeight" value="2345"/>
          <property name="File/ImageWidth" value="2340"/>
          <property name="System/FileModifyDate" value="2025:05:10 16:56:43"/>
          <property name="System/FileSize" value="4039898"/>
        </meta>
      </photo>
    </camera>
    <camera camera_id="10">
      <photo path="C:/Users/varad/OneDrive/Downloads/images/images/AS17-138-21033HR.png">
        <meta>
          <property name="File/ImageHeight" value="2345"/>
          <property name="File/ImageWidth" value="2340"/>
          <property name="System/FileModifyDate" value="2025:05:10 16:56:43"/>
          <property name="System/FileSize" value="3787434"/>
        </meta>
      </photo>
    </camera>
    <camera camera_id="11">
      <photo path="C:/Users/varad/OneDrive/Downloads/images/images/AS17-138-21034HR.png">
        <meta>
          <property name="File/ImageHeight" value="2345"/>
          <property name="File/ImageWidth" value="2340"/>
          <property name="System/FileModifyDate" value="2025:05:10 16:56:43"/>
          <property name="System/FileSize" value="4176653"/>
        </meta>
      </photo>
    </camera>
    <camera camera_id="12">
      <photo path="C:/Users/varad/OneDrive/Downloads/images/images/AS17-138-21035HR.png">
        <meta>
          <property name="File/ImageHeight" value="2345"/>
          <property name="File/ImageWidth" value="2340"/>
          <property name="System/FileModifyDate" value="2025:05:10 16:56:43"/>
          <property name="System/FileSize" value="4129071"/>
        </meta>
      </photo>
    </camera>
    <camera camera_id="13">
      <photo path="C:/Users/varad/OneDrive/Downloads/images/images/AS17-138-21036HR.png">
        <meta>
          <property name="File/ImageHeight" value="2345"/>
          <property name="File/ImageWidth" value="2340"/>
          <property name="System/FileModifyDate" value="2025:05:10 16:56:43"/>
          <property name="System/FileSize" value="3755796"/>
        </meta>
      </photo>
    </camera>
    <camera camera_id="14">
      <photo path="C:/Users/varad/OneDrive/Downloads/images/images/AS17-138-21037HR.png">
        <meta>
          <property name="File/ImageHeight" value="2345"/>
          <property name="File/ImageWidth" value="2340"/>
          <property name="System/FileModifyDate" value="2025:05:10 16:56:43"/>
          <property name="System/FileSize" value="3729104"/>
        </meta>
      </photo>
    </camera>
    <camera camera_id="15">
      <photo path="C:/Users/varad/OneDrive/Downloads/images/images/novel_01.png">
        <meta>
          <property name="File/ImageHeight" value="1080"/>
          <property name="File/ImageWidth" value="1920"/>
          <property name="System/FileModifyDate" value="2025:05:10 16:56:43"/>
          <property name="System/FileSize" value="2350953"/>
        </meta>
      </photo>
    </camera>
    <camera camera_id="16">
      <photo path="C:/Users/varad/OneDrive/Downloads/images/images/novel_02.png">
        <meta>
          <property name="File/ImageHeight" value="1080"/>
          <property name="File/ImageWidth" value="1920"/>
          <property name="System/FileModifyDate" value="2025:05:10 16:56:43"/>
          <property name="System/FileSize" value="2546837"/>
        </meta>
      </photo>
    </camera>
    <camera camera_id="17">
      <photo path="C:/Users/varad/OneDrive/Downloads/images/images/novel_03.png">
        <meta>
          <property name="File/ImageHeight" value="1080"/>
          <property name="File/ImageWidth" value="1920"/>
          <property name="System/FileModifyDate" value="2025:05:10 16:56:43"/>
          <property name="System/FileSize" value="2347027"/>
        </meta>
      </photo>
    </camera>
    <camera camera_id="18">
      <photo path="C:/Users/varad/OneDrive/Downloads/images/images/novel_04.png">
        <meta>
          <property name="File/ImageHeight" value="1080"/>
          <property name="File/ImageWidth" value="1920"/>
          <property name="System/FileModifyDate" value="2025:05:10 16:56:43"/>
          <property name="System/FileSize" value="2412354"/>
        </meta>
      </photo>
    </camera>
    <camera camera_id="19">
      <photo path="C:/Users/varad/OneDrive/Downloads/images/images/novel_05.png">
        <meta>
          <property name="File/ImageHeight" value="1080"/>
          <property name="File/ImageWidth" value="1920"/>
          <property name="System/FileModifyDate" value="2025:05:10 16:56:43"/>
          <property name="System/FileSize" value="2654641"/>
        </meta>
      </photo>
    </camera>
    <camera camera_id="20">
      <photo path="C:/Users/varad/OneDrive/Downloads/images/images/novel_06.png">
        <meta>
          <property name="File/ImageHeight" value="1080"/>
          <property name="File/ImageWidth" value="1920"/>
          <property name="System/FileModifyDate" value="2025:05:10 16:56:43"/>
          <property name="System/FileSize" value="2493177"/>
        </meta>
      </photo>
    </camera>
  </cameras>
  <thumbnails path="thumbnails/thumbnails.zip"/>
  <point_cloud path="point_cloud/point_cloud.zip"/>
  <depth_maps id="0" path="depth_maps/depth_maps.zip"/>
  <model id="0" path="model/model.zip"/>
</frame>
